{"curve":"389a1","prime":2,"merkle_root":"ff48d502b0c36eb786db64cde9293be077759070976bfcf83988d2b6e0f191fe","reg_interval":[0.15246017794314362,0.15246017794314376],"smith_diagonal":[1,1],"analytic_rank":2,"lead_coeff_interval":[0.7593165002884267,0.7593165002884268]}